{"autoplayTransitionDelay":5,"author":"","timestamp":"2020-38-16 16:5:5","loopSlideshow":0,"filename":"Grammarly Check.key","autoplayBuildDelay":2,"comment":"","title":"Grammarly Check.key","showMode":0,"creator":"Apple Keynote 10.0","slideList":["FE9BD1AB-7A07-4ACB-B291-C6ABEC1E8960","8A3C651D-F4C3-4057-8BD4-3EF15E9C3B3D","4D1A622C-D591-49CA-90BA-EDA68A0D303C"],"soundtrack":{"mode":0,"volume":1},"slideWidth":1920,"slideHeight":1080,"slideCount":3,"majorVersion":1,"minorVersion":2,"fonts":["Chalkboard-Bold","HelveticaNeue-Bold","HelveticaNeue-Medium","HelveticaNeue","BradleyHandITCTT-Bold","Helvetica"]}