{"assets":{"E548233409FA069BB40A6FF62AC4E18C":{"type":"texture","index":1,"assetRequest":{"type":"slide","state":"contents","slide":"none"},"url":{"native":"assets\/8A3C651D-F4C3-4057-8BD4-3EF15E9C3B3D.pdf"},"width":2025,"height":171},"F90755599BB3EBE371B3A26E51CC2158":{"type":"texture","index":0,"assetRequest":{"type":"slide","state":"contents","slide":"none"},"url":{"native":"assets\/8A3C651D-F4C3-4057-8BD4-3EF15E9C3B3D.pdf"},"width":1920,"height":1080},"46F55738E0615DB8B4ED2BE2306E1B93":{"type":"texture","index":2,"assetRequest":{"type":"slide","state":"contents","slide":"none"},"url":{"native":"assets\/8A3C651D-F4C3-4057-8BD4-3EF15E9C3B3D.pdf"},"width":365,"height":485},"63E74C8B43D4CB8F7CE5B1E2566D927B":{"type":"texture","index":3,"assetRequest":{"type":"slide","state":"contents","slide":"none"},"url":{"native":"assets\/8A3C651D-F4C3-4057-8BD4-3EF15E9C3B3D.pdf"},"width":475,"height":730},"272699CB4E64E917700927570C2351C6":{"type":"texture","index":4,"assetRequest":{"type":"slide","state":"contents","slide":"none"},"url":{"native":"assets\/8A3C651D-F4C3-4057-8BD4-3EF15E9C3B3D.pdf"},"width":208,"height":12},"416B6D078966D30B76BE53CD3689DBCA":{"type":"texture","index":6,"assetRequest":{"type":"slide","state":"contents","slide":"none"},"url":{"native":"assets\/8A3C651D-F4C3-4057-8BD4-3EF15E9C3B3D.pdf"},"width":148,"height":29},"F4A2AFF02A7AE375DCE1BF49DD68DEC1":{"type":"texture","index":5,"assetRequest":{"type":"slide","state":"contents","slide":"none"},"url":{"native":"assets\/8A3C651D-F4C3-4057-8BD4-3EF15E9C3B3D.pdf"},"width":298,"height":440}},"events":[{"effects":[{"beginTime":0,"baseLayer":{"animations":[],"initialState":{"affineTransform":[1,0,0,1,0,0],"masksToBounds":false,"rotation":0,"scale":1,"position":{"pointX":960,"pointY":540},"width":1920,"sublayerTransform":[1,0,0,0,0,1,0,0,0,0,1,0,0,0,0,1],"contentsRect":{"y":0,"x":0,"width":1,"height":1},"opacity":1,"edgeAntialiasingMask":251658240,"height":1080,"hidden":false,"anchorPoint":{"pointX":0.5,"pointY":0.5}},"objectID":"0","layers":[{"animations":[],"initialState":{"affineTransform":[1,0,0,1,0,0],"masksToBounds":false,"rotation":0,"scale":1,"position":{"pointX":960,"pointY":540},"width":1920,"sublayerTransform":[1,0,0,0,0,1,0,0,0,0,1,-0.00035007912466775983,0,0,0,1],"contentsRect":{"y":0,"x":0,"width":1,"height":1},"opacity":1,"edgeAntialiasingMask":251658240,"height":1080,"hidden":false,"anchorPoint":{"pointX":0.5,"pointY":0.5}},"layers":[{"animations":[{"timeOffset":0,"beginTime":0,"repeatCount":0,"animations":[{"timeOffset":0,"from":{"scalar":0},"beginTime":0,"repeatCount":0,"fillMode":"both","duration":0.60000002384185791,"autoreverses":false,"timingFunction":"EaseInEaseOut","property":"zPosition","to":{"scalar":0}}],"fillMode":"both","autoreverses":false,"duration":0.60000002384185791}],"initialState":{"affineTransform":[1,0,0,1,0,0],"masksToBounds":false,"rotation":0,"scale":1,"position":{"pointX":960,"pointY":540},"width":1920,"sublayerTransform":[1,0,0,0,0,1,0,0,0,0,1,0,0,0,0,1],"contentsRect":{"y":0,"x":0,"width":1,"height":1},"opacity":1,"edgeAntialiasingMask":251658240,"height":1080,"hidden":false,"anchorPoint":{"pointX":0.5,"pointY":0.5}},"layers":[{"animations":[],"layers":[],"texturedRectangle":{"isBackgroundTexture":true,"singleTextureOpacity":1,"textureType":1,"textBaseline":0,"textXHeight":0,"isVerticalText":false},"initialState":{"affineTransform":[1,0,0,1,0,0],"masksToBounds":false,"rotation":0,"scale":1,"position":{"pointX":960,"pointY":540},"width":1920,"sublayerTransform":[1,0,0,0,0,1,0,0,0,0,1,0,0,0,0,1],"contentsRect":{"y":0,"x":0,"width":1,"height":1},"opacity":1,"edgeAntialiasingMask":0,"height":1080,"hidden":false,"anchorPoint":{"pointX":0.5,"pointY":0.5}},"texture":"F90755599BB3EBE371B3A26E51CC2158"}]}]},{"animations":[{"timeOffset":0,"beginTime":0,"repeatCount":0,"animations":[{"timeOffset":0,"from":{"scalar":1},"beginTime":0,"repeatCount":0,"fillMode":"both","duration":0.60000002384185791,"autoreverses":false,"timingFunction":"EaseInEaseOut","property":"opacity","to":{"scalar":1}},{"timeOffset":0,"from":{"scalar":0.001},"beginTime":0,"repeatCount":0,"fillMode":"both","duration":0.60000002384185791,"autoreverses":false,"timingFunction":"EaseInEaseOut","property":"zPosition","to":{"scalar":0.001}}],"fillMode":"both","autoreverses":false,"duration":0.60000002384185791}],"initialState":{"affineTransform":[1,0,0,1,0,0],"masksToBounds":false,"rotation":0,"scale":1,"position":{"pointX":946.66666289518548,"pointY":503.21353773541296},"width":2022.4357604980469,"sublayerTransform":[1,0,0,0,0,1,0,0,0,0,1,0,0,0,0,1],"contentsRect":{"y":0,"x":0,"width":1,"height":1},"opacity":0.0099999997764825821,"edgeAntialiasingMask":251658240,"height":168.3159947395327,"hidden":false,"anchorPoint":{"pointX":0.5,"pointY":0.5}},"layers":[{"animations":[{"timeOffset":0,"beginTime":0,"repeatCount":0,"animations":[{"timeOffset":0,"from":{"scalar":0.41990167433723008},"beginTime":0,"repeatCount":0,"fillMode":"both","property":"transform.rotation.z","autoreverses":false,"duration":0.60000002384185791,"to":{"scalar":0.41990167433723008}},{"timeOffset":0,"from":{"scalar":0.0099999997764825821},"beginTime":0,"repeatCount":0,"fillMode":"both","duration":0.60000002384185791,"autoreverses":false,"timingFunction":"EaseInEaseOut","property":"opacity","to":{"scalar":0.0099999997764825821}}],"fillMode":"both","autoreverses":false,"duration":0.60000002384185791}],"layers":[],"texturedRectangle":{"singleTextureOpacity":0.0099999997764825821,"textXHeight":0,"shapePath":{"lineWidth":1,"flatness":0.59999999999999998,"lineCapStyle":0,"elements":[{"type":"MoveToPoint","points":[[123.60301006556828,-403.87745072666644]]},{"type":"AddLine","points":[[1970.3478126992534,420.61029283704772]]},{"type":"AddLine","points":[[1901.7303181815021,574.30451371494769]]},{"type":"AddLine","points":[[54.985515547816888,-250.18322984876653]]},{"type":"CloseSubpath"},{"type":"MoveToPoint","points":[[123.60301006556828,-403.87745072666644]]}],"windingRule":0,"lineJoinStyle":0,"miterLimit":10},"isBackgroundTexture":true,"textBaseline":0,"isVerticalText":false,"textureType":5},"initialState":{"affineTransform":[0.91312902921519945,0.40767067101338977,-0.40767067101338977,0.91312902921519945,0,0],"masksToBounds":false,"rotation":0.41990167433723002,"scale":1,"position":{"pointX":1011.2178955078125,"pointY":84.15799713134777},"width":2025,"sublayerTransform":[1,0,0,0,0,1,0,0,0,0,1,0,0,0,0,1],"contentsRect":{"y":0,"x":0,"width":1,"height":1},"opacity":1,"edgeAntialiasingMask":0,"height":171,"hidden":false,"anchorPoint":{"pointX":0.50008231019949356,"pointY":0.49832478068417796}},"texture":"E548233409FA069BB40A6FF62AC4E18C"}]},{"animations":[{"timeOffset":0,"beginTime":0,"repeatCount":0,"animations":[{"timeOffset":0,"from":{"scalar":0.002},"beginTime":0,"repeatCount":0,"fillMode":"both","duration":0.60000002384185791,"autoreverses":false,"timingFunction":"EaseInEaseOut","property":"zPosition","to":{"scalar":0.002}}],"fillMode":"both","autoreverses":false,"duration":0.60000002384185791}],"initialState":{"affineTransform":[1,0,0,1,0,0],"masksToBounds":false,"rotation":0,"scale":1,"position":{"pointX":282.40950775146484,"pointY":554.36056518554688},"width":361.46875,"sublayerTransform":[1,0,0,0,0,1,0,0,0,0,1,0,0,0,0,1],"contentsRect":{"y":0,"x":0,"width":1,"height":1},"opacity":1,"edgeAntialiasingMask":251658240,"height":482.3125,"hidden":false,"anchorPoint":{"pointX":0.5,"pointY":0.5}},"layers":[{"animations":[{"timeOffset":0,"beginTime":0,"repeatCount":0,"animations":[{"timeOffset":0,"from":{"texture":"46F55738E0615DB8B4ED2BE2306E1B93"},"beginTime":0,"repeatCount":0,"fillMode":"both","duration":0.60000002384185791,"autoreverses":false,"timingFunction":"EaseInEaseOut","property":"contents","to":{"texture":"46F55738E0615DB8B4ED2BE2306E1B93"}}],"fillMode":"both","autoreverses":false,"duration":0.60000002384185791}],"layers":[],"texturedRectangle":{"singleTextureOpacity":1,"textXHeight":0,"shapePath":{"lineWidth":1,"flatness":0.59999999999999998,"lineCapStyle":0,"elements":[{"type":"MoveToPoint","points":[[33.675132751464844,1.204315185546875]]},{"type":"AddCurve","points":[[16.001916249593108,1.2043126424153456],[1.6751327514648438,15.531096140543639],[1.6751327514648438,33.204315185546875]]},{"type":"AddLine","points":[[1.6751327514648438,186.07931518554688]]},{"type":"AddCurve","points":[[1.6751302083333286,203.75250244140625],[16.001913706461593,218.07931518554688],[33.675132751464844,218.07931518554688]]},{"type":"AddLine","points":[[149.58138275146484,218.07931518554688]]},{"type":"AddLine","points":[[363.14388275146484,483.51681518554688]]},{"type":"AddLine","points":[[210.61263275146484,209.51681518554688]]},{"type":"AddCurve","points":[[216.94641558329261,203.67011642456055],[220.98763275146484,195.37875747680664],[220.98763275146484,186.07931518554688]]},{"type":"AddLine","points":[[220.98763275146484,33.204315185546875]]},{"type":"AddCurve","points":[[220.98761749267578,15.531098683675111],[206.66085179646814,1.204315185546875],[188.98763275146484,1.204315185546875]]},{"type":"AddLine","points":[[33.675132751464844,1.204315185546875]]},{"type":"CloseSubpath"},{"type":"MoveToPoint","points":[[33.675132751464844,1.204315185546875]]}],"windingRule":0,"lineJoinStyle":0,"miterLimit":10},"isBackgroundTexture":true,"textBaseline":0,"isVerticalText":false,"textureType":5},"initialState":{"affineTransform":[1,0,0,1,0,0],"masksToBounds":false,"rotation":0,"scale":1,"position":{"pointX":109.65206146240234,"pointY":108.43352508544922},"width":365,"sublayerTransform":[1,0,0,0,0,1,0,0,0,0,1,0,0,0,0,1],"contentsRect":{"y":0,"x":0,"width":1,"height":1},"opacity":1,"edgeAntialiasingMask":0,"height":485,"hidden":false,"anchorPoint":{"pointX":0.30500601154484158,"pointY":0.2260574026206105}},"texture":"46F55738E0615DB8B4ED2BE2306E1B93"}]},{"animations":[{"timeOffset":0,"beginTime":0,"repeatCount":0,"animations":[{"timeOffset":0,"from":{"scalar":0.0030000000000000001},"beginTime":0,"repeatCount":0,"fillMode":"both","duration":0.60000002384185791,"autoreverses":false,"timingFunction":"EaseInEaseOut","property":"zPosition","to":{"scalar":0.0030000000000000001}}],"fillMode":"both","autoreverses":false,"duration":0.60000002384185791}],"initialState":{"affineTransform":[1,0,0,1,0,0],"masksToBounds":false,"rotation":0,"scale":1,"position":{"pointX":457.33818054199219,"pointY":405.98422241210938},"width":472.125,"sublayerTransform":[1,0,0,0,0,1,0,0,0,0,1,0,0,0,0,1],"contentsRect":{"y":0,"x":0,"width":1,"height":1},"opacity":1,"edgeAntialiasingMask":251658240,"height":726.3125,"hidden":false,"anchorPoint":{"pointX":0.5,"pointY":0.5}},"layers":[{"animations":[{"timeOffset":0,"beginTime":0,"repeatCount":0,"animations":[{"timeOffset":0,"from":{"texture":"63E74C8B43D4CB8F7CE5B1E2566D927B"},"beginTime":0,"repeatCount":0,"fillMode":"both","duration":0.60000002384185791,"autoreverses":false,"timingFunction":"EaseInEaseOut","property":"contents","to":{"texture":"63E74C8B43D4CB8F7CE5B1E2566D927B"}}],"fillMode":"both","autoreverses":false,"duration":0.60000002384185791}],"layers":[],"texturedRectangle":{"singleTextureOpacity":1,"textXHeight":0,"shapePath":{"lineWidth":1,"flatness":0.59999999999999998,"lineCapStyle":0,"elements":[{"type":"MoveToPoint","points":[[34.838180541992188,1.827972412109375]]},{"type":"AddCurve","points":[[16.298862457275391,1.827972412109375],[1.2756805419921875,16.851154327392578],[1.2756805419921875,35.390472412109375]]},{"type":"AddLine","points":[[1.2756805419921875,211.60922241210938]]},{"type":"AddCurve","points":[[1.2756805419921875,230.1485493977865],[16.298862457275391,245.20297241210938],[34.838180541992188,245.20297241210938]]},{"type":"AddLine","points":[[224.15068054199219,245.20297241210938]]},{"type":"AddLine","points":[[315.96318054199219,728.14047241210938]]},{"type":"AddLine","points":[[281.71318054199219,245.20297241210938]]},{"type":"AddLine","points":[[439.83818054199219,245.20297241210938]]},{"type":"AddCurve","points":[[458.3775075276692,245.20293680826819],[473.40068054199219,230.14854049682617],[473.40068054199219,211.60922241210938]]},{"type":"AddLine","points":[[473.40068054199219,35.390472412109375]]},{"type":"AddCurve","points":[[473.4007568359375,16.851154327392578],[458.37749862670898,1.827972412109375],[439.83818054199219,1.827972412109375]]},{"type":"AddLine","points":[[34.838180541992188,1.827972412109375]]},{"type":"CloseSubpath"},{"type":"MoveToPoint","points":[[34.838180541992188,1.827972412109375]]}],"windingRule":0,"lineJoinStyle":0,"miterLimit":10},"isBackgroundTexture":true,"textBaseline":0,"isVerticalText":false,"textureType":5},"initialState":{"affineTransform":[1,0,0,1,0,0],"masksToBounds":false,"rotation":0,"scale":1,"position":{"pointX":236.06573486328125,"pointY":121.68244934082031},"width":475,"sublayerTransform":[1,0,0,0,0,1,0,0,0,0,1,0,0,0,0,1],"contentsRect":{"y":0,"x":0,"width":1,"height":1},"opacity":1,"edgeAntialiasingMask":0,"height":730,"hidden":false,"anchorPoint":{"pointX":0.49966613769531248,"pointY":0.16919235856565712}},"texture":"63E74C8B43D4CB8F7CE5B1E2566D927B"}]},{"animations":[{"timeOffset":0,"beginTime":0,"repeatCount":0,"animations":[{"timeOffset":0,"from":{"scalar":0.0040000000000000001},"beginTime":0,"repeatCount":0,"fillMode":"both","duration":0.60000002384185791,"autoreverses":false,"timingFunction":"EaseInEaseOut","property":"zPosition","to":{"scalar":0.0040000000000000001}}],"fillMode":"both","autoreverses":false,"duration":0.60000002384185791}],"initialState":{"affineTransform":[1,0,0,1,0,0],"masksToBounds":false,"rotation":0,"scale":1,"position":{"pointX":122.62570446737477,"pointY":40.151985168457031},"width":205.18146264568711,"sublayerTransform":[1,0,0,0,0,1,0,0,0,0,1,0,0,0,0,1],"contentsRect":{"y":0,"x":0,"width":1,"height":1},"opacity":1,"edgeAntialiasingMask":251658240,"height":9.6000000000001009,"hidden":false,"anchorPoint":{"pointX":0.5,"pointY":0.5}},"layers":[{"animations":[{"timeOffset":0,"beginTime":0,"repeatCount":0,"animations":[{"timeOffset":0,"from":{"texture":"272699CB4E64E917700927570C2351C6"},"beginTime":0,"repeatCount":0,"fillMode":"both","duration":0.60000002384185791,"autoreverses":false,"timingFunction":"EaseInEaseOut","property":"contents","to":{"texture":"272699CB4E64E917700927570C2351C6"}},{"timeOffset":0,"from":{"scalar":-2.8888978146092978},"beginTime":0,"repeatCount":0,"fillMode":"both","property":"transform.rotation.z","autoreverses":false,"duration":0.60000002384185791,"to":{"scalar":-2.8888978146092978}}],"fillMode":"both","autoreverses":false,"duration":0.60000002384185791}],"layers":[],"texturedRectangle":{"singleTextureOpacity":1,"textXHeight":0,"shapePath":{"lineWidth":1,"flatness":0.59999999999999998,"lineCapStyle":0,"elements":[{"type":"MoveToPoint","points":[[202.9583738425442,31.801116012763075]]},{"type":"AddLine","points":[[13.588150031386277,-17.097011398603627]]},{"type":"AddLine","points":[[12.619907840896957,-17.347025519317882]]}],"windingRule":0,"lineJoinStyle":0,"miterLimit":10},"isBackgroundTexture":true,"textBaseline":0,"isVerticalText":false,"textureType":5},"initialState":{"affineTransform":[-0.96824219048928284,-0.25001412071424139,0.25001412071424139,-0.96824219048928284,0,0],"masksToBounds":false,"rotation":-2.8888978146092978,"scale":0.99999999999999989,"position":{"pointX":102.59072875976565,"pointY":4.800000000000054},"width":208,"sublayerTransform":[1,0,0,0,0,1,0,0,0,0,1,0,0,0,0,1],"contentsRect":{"y":0,"x":0,"width":1,"height":1},"opacity":1,"edgeAntialiasingMask":0,"height":12,"hidden":false,"anchorPoint":{"pointX":0.49820048992450422,"pointY":0.51266543070475323}},"texture":"272699CB4E64E917700927570C2351C6"}]},{"animations":[{"timeOffset":0,"beginTime":0,"repeatCount":0,"animations":[{"timeOffset":0,"from":{"scalar":0.0050000000000000001},"beginTime":0,"repeatCount":0,"fillMode":"both","duration":0.60000002384185791,"autoreverses":false,"timingFunction":"EaseInEaseOut","property":"zPosition","to":{"scalar":0.0050000000000000001}}],"fillMode":"both","autoreverses":false,"duration":0.60000002384185791}],"initialState":{"affineTransform":[1,0,0,1,0,0],"masksToBounds":false,"rotation":0,"scale":1,"position":{"pointX":719.42510986328125,"pointY":531.76681518554688},"width":295.125,"sublayerTransform":[1,0,0,0,0,1,0,0,0,0,1,0,0,0,0,1],"contentsRect":{"y":0,"x":0,"width":1,"height":1},"opacity":1,"edgeAntialiasingMask":251658240,"height":437.125,"hidden":false,"anchorPoint":{"pointX":0.5,"pointY":0.5}},"layers":[{"animations":[{"timeOffset":0,"beginTime":0,"repeatCount":0,"animations":[{"timeOffset":0,"from":{"scalar":0},"beginTime":0.40002001589536673,"repeatCount":0,"fillMode":"both","duration":0.19998000794649123,"autoreverses":false,"timingFunction":"EaseInEaseOut","property":"opacity","to":{"scalar":1}},{"timeOffset":0,"from":{"scalar":false},"beginTime":0.40002001589536673,"repeatCount":0,"fillMode":"forwards","property":"hidden","autoreverses":false,"duration":0.19998000794649118,"to":{"scalar":false}}],"fillMode":"both","autoreverses":false,"duration":0.60000002384185791}],"layers":[],"texturedRectangle":{"singleTextureOpacity":1,"textXHeight":0,"shapePath":{"lineWidth":1,"flatness":0.59999999999999998,"lineCapStyle":0,"elements":[{"type":"MoveToPoint","points":[[109.67510986328125,1.204315185546875]]},{"type":"AddCurve","points":[[92.001893361409543,1.2043126424153456],[77.67510986328125,15.531096140543639],[77.67510986328125,33.204315185546875]]},{"type":"AddLine","points":[[77.67510986328125,186.07931518554688]]},{"type":"AddCurve","points":[[77.675107929566821,199.51743189493811],[85.967103322347043,210.96277109781897],[97.70635986328125,215.70431518554688]]},{"type":"AddLine","points":[[1.86260986328125,438.32931518554688]]},{"type":"AddLine","points":[[159.39385986328125,218.07931518554688]]},{"type":"AddLine","points":[[264.98760986328125,218.07931518554688]]},{"type":"AddCurve","points":[[282.66083780924475,218.07934061686194],[296.98760986328125,203.75253423055017],[296.98760986328125,186.07931518554688]]},{"type":"AddLine","points":[[296.98760986328125,33.204315185546875]]},{"type":"AddCurve","points":[[296.98759460449219,15.531098683675111],[282.66082890828454,1.204315185546875],[264.98760986328125,1.204315185546875]]},{"type":"AddLine","points":[[109.67510986328125,1.204315185546875]]},{"type":"CloseSubpath"},{"type":"MoveToPoint","points":[[109.67510986328125,1.204315185546875]]}],"windingRule":0,"lineJoinStyle":0,"miterLimit":10},"isBackgroundTexture":true,"textBaseline":0,"isVerticalText":false,"textureType":5},"initialState":{"affineTransform":[1,0,0,1,0,0],"masksToBounds":false,"rotation":0,"scale":1,"position":{"pointX":185.46456146240234,"pointY":108.43352508544922},"width":298,"sublayerTransform":[1,0,0,0,0,1,0,0,0,0,1,0,0,0,0,1],"contentsRect":{"y":0,"x":0,"width":1,"height":1},"opacity":1,"edgeAntialiasingMask":0,"height":440,"hidden":true,"anchorPoint":{"pointX":0.62861466887813289,"pointY":0.24917690970680931}},"texture":"F4A2AFF02A7AE375DCE1BF49DD68DEC1"}]},{"animations":[{"timeOffset":0,"beginTime":0,"repeatCount":0,"animations":[{"timeOffset":0,"from":{"scalar":0.0060000000000000001},"beginTime":0,"repeatCount":0,"fillMode":"both","duration":0.60000002384185791,"autoreverses":false,"timingFunction":"EaseInEaseOut","property":"zPosition","to":{"scalar":0.0060000000000000001}}],"fillMode":"both","autoreverses":false,"duration":0.60000002384185791}],"initialState":{"affineTransform":[1,0,0,1,0,0],"masksToBounds":false,"rotation":0,"scale":1,"position":{"pointX":719.42510986328125,"pointY":531.76681518554688},"width":295.125,"sublayerTransform":[1,0,0,0,0,1,0,0,0,0,1,0,0,0,0,1],"contentsRect":{"y":0,"x":0,"width":1,"height":1},"opacity":1,"edgeAntialiasingMask":251658240,"height":437.125,"hidden":false,"anchorPoint":{"pointX":0.5,"pointY":0.5}},"layers":[{"animations":[{"timeOffset":0,"beginTime":0,"repeatCount":0,"animations":[{"timeOffset":0,"from":{"scalar":0},"beginTime":0.40002001589536673,"repeatCount":0,"fillMode":"both","duration":0.19998000794649123,"autoreverses":false,"timingFunction":"EaseInEaseOut","property":"opacity","to":{"scalar":1}},{"timeOffset":0,"from":{"scalar":false},"beginTime":0.40002001589536673,"repeatCount":0,"fillMode":"forwards","property":"hidden","autoreverses":false,"duration":0.19998000794649118,"to":{"scalar":false}}],"fillMode":"both","autoreverses":false,"duration":0.60000002384185791}],"layers":[],"texturedRectangle":{"singleTextureOpacity":1,"textXHeight":0.51895599161745098,"textBaseline":0.77553051726480871,"isBackgroundTexture":true,"isVerticalText":false,"textColor":[0.99990898370742798,1,0.99987810850143433,1],"textureType":6},"initialState":{"affineTransform":[1,0,0,1,0,0],"masksToBounds":false,"rotation":0,"scale":1,"position":{"pointX":185.46456146240234,"pointY":108.43352508544922},"width":148,"sublayerTransform":[1,0,0,0,0,1,0,0,0,0,1,0,0,0,0,1],"contentsRect":{"y":0,"x":0,"width":1,"height":1},"opacity":1,"edgeAntialiasingMask":0,"height":29,"hidden":true,"anchorPoint":{"pointX":0.50221061706542969,"pointY":0.50475311279296875}},"texture":"416B6D078966D30B76BE53CD3689DBCA"}]}]},"effects":[],"duration":0.60000002384185791,"type":"transition","attributes":{"direction":0},"name":"apple:magic-move-implied-motion-path","objectID":"0"}],"automaticPlay":false,"hyperlinks":[],"accessibility":[{"text":"Mood Board: The slide background Color is based on product Accent Colours. (Grammarly in this case Study)","targetRectangle":{"y":58.827419304716386,"x":232.63652308342867,"width":460.87292817679554,"height":211.00110621478598}},{"text":"Before we start, here are few basics","targetRectangle":{"y":340.38387276638969,"x":123.78023288790034,"width":184.50828729281767,"height":162.64088483831438}},{"text":"www.MOstlymanoj.com","targetRectangle":{"y":92.85750510375992,"x":151.56891750979247,"width":1582.9733870857101,"height":836.88870162163357}}],"baseLayer":{"animations":[],"initialState":{"affineTransform":[1,0,0,1,0,0],"masksToBounds":false,"rotation":0,"scale":1,"position":{"pointX":960,"pointY":540},"width":1920,"sublayerTransform":[1,0,0,0,0,1,0,0,0,0,1,0,0,0,0,1],"contentsRect":{"y":0,"x":0,"width":1,"height":1},"opacity":1,"edgeAntialiasingMask":251658240,"height":1080,"hidden":false,"anchorPoint":{"pointX":0.5,"pointY":0.5}},"objectID":"0","layers":[{"animations":[],"initialState":{"affineTransform":[1,0,0,1,0,0],"masksToBounds":false,"rotation":0,"scale":1,"position":{"pointX":960,"pointY":540},"width":1920,"sublayerTransform":[1,0,0,0,0,1,0,0,0,0,1,-0.00035007912466775983,0,0,0,1],"contentsRect":{"y":0,"x":0,"width":1,"height":1},"opacity":1,"edgeAntialiasingMask":251658240,"height":1080,"hidden":false,"anchorPoint":{"pointX":0.5,"pointY":0.5}},"layers":[{"animations":[],"initialState":{"affineTransform":[1,0,0,1,0,0],"masksToBounds":false,"rotation":0,"scale":1,"position":{"pointX":960,"pointY":540},"width":1920,"sublayerTransform":[1,0,0,0,0,1,0,0,0,0,1,0,0,0,0,1],"contentsRect":{"y":0,"x":0,"width":1,"height":1},"opacity":1,"edgeAntialiasingMask":251658240,"height":1080,"hidden":false,"anchorPoint":{"pointX":0.5,"pointY":0.5}},"layers":[{"animations":[],"layers":[],"texturedRectangle":{"isBackgroundTexture":true,"singleTextureOpacity":1,"textureType":1,"textBaseline":0,"textXHeight":0,"isVerticalText":false},"initialState":{"affineTransform":[1,0,0,1,0,0],"masksToBounds":false,"rotation":0,"scale":1,"position":{"pointX":960,"pointY":540},"width":1920,"sublayerTransform":[1,0,0,0,0,1,0,0,0,0,1,0,0,0,0,1],"contentsRect":{"y":0,"x":0,"width":1,"height":1},"opacity":1,"edgeAntialiasingMask":0,"height":1080,"hidden":false,"anchorPoint":{"pointX":0.5,"pointY":0.5}},"texture":"F90755599BB3EBE371B3A26E51CC2158"}]}]},{"animations":[],"initialState":{"affineTransform":[1,0,0,1,0,0],"masksToBounds":false,"rotation":0,"scale":1,"position":{"pointX":946.66666289518548,"pointY":503.21353773541296},"width":2022.4357604980469,"sublayerTransform":[1,0,0,0,0,1,0,0,0,0,1,0,0,0,0,1],"contentsRect":{"y":0,"x":0,"width":1,"height":1},"opacity":0.0099999997764825821,"edgeAntialiasingMask":251658240,"height":168.3159947395327,"hidden":false,"anchorPoint":{"pointX":0.5,"pointY":0.5}},"layers":[{"animations":[],"layers":[],"texturedRectangle":{"singleTextureOpacity":0.0099999997764825821,"textXHeight":0,"shapePath":{"lineWidth":1,"flatness":0.59999999999999998,"lineCapStyle":0,"elements":[{"type":"MoveToPoint","points":[[123.60301006556828,-403.87745072666644]]},{"type":"AddLine","points":[[1970.3478126992534,420.61029283704772]]},{"type":"AddLine","points":[[1901.7303181815021,574.30451371494769]]},{"type":"AddLine","points":[[54.985515547816888,-250.18322984876653]]},{"type":"CloseSubpath"},{"type":"MoveToPoint","points":[[123.60301006556828,-403.87745072666644]]}],"windingRule":0,"lineJoinStyle":0,"miterLimit":10},"isBackgroundTexture":true,"textBaseline":0,"isVerticalText":false,"textureType":5},"initialState":{"affineTransform":[0.91312902921519945,0.40767067101338977,-0.40767067101338977,0.91312902921519945,0,0],"masksToBounds":false,"rotation":0.41990167433723002,"scale":1,"position":{"pointX":1011.2178955078125,"pointY":84.15799713134777},"width":2025,"sublayerTransform":[1,0,0,0,0,1,0,0,0,0,1,0,0,0,0,1],"contentsRect":{"y":0,"x":0,"width":1,"height":1},"opacity":1,"edgeAntialiasingMask":0,"height":171,"hidden":false,"anchorPoint":{"pointX":0.50008231019949356,"pointY":0.49832478068417796}},"texture":"E548233409FA069BB40A6FF62AC4E18C"}]},{"animations":[],"initialState":{"affineTransform":[1,0,0,1,0,0],"masksToBounds":false,"rotation":0,"scale":1,"position":{"pointX":282.40950775146484,"pointY":554.36056518554688},"width":361.46875,"sublayerTransform":[1,0,0,0,0,1,0,0,0,0,1,0,0,0,0,1],"contentsRect":{"y":0,"x":0,"width":1,"height":1},"opacity":1,"edgeAntialiasingMask":251658240,"height":482.3125,"hidden":false,"anchorPoint":{"pointX":0.5,"pointY":0.5}},"layers":[{"animations":[],"layers":[],"texturedRectangle":{"singleTextureOpacity":1,"textXHeight":0,"shapePath":{"lineWidth":1,"flatness":0.59999999999999998,"lineCapStyle":0,"elements":[{"type":"MoveToPoint","points":[[33.675132751464844,1.204315185546875]]},{"type":"AddCurve","points":[[16.001916249593108,1.2043126424153456],[1.6751327514648438,15.531096140543639],[1.6751327514648438,33.204315185546875]]},{"type":"AddLine","points":[[1.6751327514648438,186.07931518554688]]},{"type":"AddCurve","points":[[1.6751302083333286,203.75250244140625],[16.001913706461593,218.07931518554688],[33.675132751464844,218.07931518554688]]},{"type":"AddLine","points":[[149.58138275146484,218.07931518554688]]},{"type":"AddLine","points":[[363.14388275146484,483.51681518554688]]},{"type":"AddLine","points":[[210.61263275146484,209.51681518554688]]},{"type":"AddCurve","points":[[216.94641558329261,203.67011642456055],[220.98763275146484,195.37875747680664],[220.98763275146484,186.07931518554688]]},{"type":"AddLine","points":[[220.98763275146484,33.204315185546875]]},{"type":"AddCurve","points":[[220.98761749267578,15.531098683675111],[206.66085179646814,1.204315185546875],[188.98763275146484,1.204315185546875]]},{"type":"AddLine","points":[[33.675132751464844,1.204315185546875]]},{"type":"CloseSubpath"},{"type":"MoveToPoint","points":[[33.675132751464844,1.204315185546875]]}],"windingRule":0,"lineJoinStyle":0,"miterLimit":10},"isBackgroundTexture":true,"textBaseline":0,"isVerticalText":false,"textureType":5},"initialState":{"affineTransform":[1,0,0,1,0,0],"masksToBounds":false,"rotation":0,"scale":1,"position":{"pointX":109.65206146240234,"pointY":108.43352508544922},"width":365,"sublayerTransform":[1,0,0,0,0,1,0,0,0,0,1,0,0,0,0,1],"contentsRect":{"y":0,"x":0,"width":1,"height":1},"opacity":1,"edgeAntialiasingMask":0,"height":485,"hidden":false,"anchorPoint":{"pointX":0.30500601154484158,"pointY":0.2260574026206105}},"texture":"46F55738E0615DB8B4ED2BE2306E1B93"}]},{"animations":[],"initialState":{"affineTransform":[1,0,0,1,0,0],"masksToBounds":false,"rotation":0,"scale":1,"position":{"pointX":457.33818054199219,"pointY":405.98422241210938},"width":472.125,"sublayerTransform":[1,0,0,0,0,1,0,0,0,0,1,0,0,0,0,1],"contentsRect":{"y":0,"x":0,"width":1,"height":1},"opacity":1,"edgeAntialiasingMask":251658240,"height":726.3125,"hidden":false,"anchorPoint":{"pointX":0.5,"pointY":0.5}},"layers":[{"animations":[],"layers":[],"texturedRectangle":{"singleTextureOpacity":1,"textXHeight":0,"shapePath":{"lineWidth":1,"flatness":0.59999999999999998,"lineCapStyle":0,"elements":[{"type":"MoveToPoint","points":[[34.838180541992188,1.827972412109375]]},{"type":"AddCurve","points":[[16.298862457275391,1.827972412109375],[1.2756805419921875,16.851154327392578],[1.2756805419921875,35.390472412109375]]},{"type":"AddLine","points":[[1.2756805419921875,211.60922241210938]]},{"type":"AddCurve","points":[[1.2756805419921875,230.1485493977865],[16.298862457275391,245.20297241210938],[34.838180541992188,245.20297241210938]]},{"type":"AddLine","points":[[224.15068054199219,245.20297241210938]]},{"type":"AddLine","points":[[315.96318054199219,728.14047241210938]]},{"type":"AddLine","points":[[281.71318054199219,245.20297241210938]]},{"type":"AddLine","points":[[439.83818054199219,245.20297241210938]]},{"type":"AddCurve","points":[[458.3775075276692,245.20293680826819],[473.40068054199219,230.14854049682617],[473.40068054199219,211.60922241210938]]},{"type":"AddLine","points":[[473.40068054199219,35.390472412109375]]},{"type":"AddCurve","points":[[473.4007568359375,16.851154327392578],[458.37749862670898,1.827972412109375],[439.83818054199219,1.827972412109375]]},{"type":"AddLine","points":[[34.838180541992188,1.827972412109375]]},{"type":"CloseSubpath"},{"type":"MoveToPoint","points":[[34.838180541992188,1.827972412109375]]}],"windingRule":0,"lineJoinStyle":0,"miterLimit":10},"isBackgroundTexture":true,"textBaseline":0,"isVerticalText":false,"textureType":5},"initialState":{"affineTransform":[1,0,0,1,0,0],"masksToBounds":false,"rotation":0,"scale":1,"position":{"pointX":236.06573486328125,"pointY":121.68244934082031},"width":475,"sublayerTransform":[1,0,0,0,0,1,0,0,0,0,1,0,0,0,0,1],"contentsRect":{"y":0,"x":0,"width":1,"height":1},"opacity":1,"edgeAntialiasingMask":0,"height":730,"hidden":false,"anchorPoint":{"pointX":0.49966613769531248,"pointY":0.16919235856565712}},"texture":"63E74C8B43D4CB8F7CE5B1E2566D927B"}]},{"animations":[],"initialState":{"affineTransform":[1,0,0,1,0,0],"masksToBounds":false,"rotation":0,"scale":1,"position":{"pointX":122.62570446737477,"pointY":40.151985168457031},"width":205.18146264568711,"sublayerTransform":[1,0,0,0,0,1,0,0,0,0,1,0,0,0,0,1],"contentsRect":{"y":0,"x":0,"width":1,"height":1},"opacity":1,"edgeAntialiasingMask":251658240,"height":9.6000000000001009,"hidden":false,"anchorPoint":{"pointX":0.5,"pointY":0.5}},"layers":[{"animations":[],"layers":[],"texturedRectangle":{"singleTextureOpacity":1,"textXHeight":0,"shapePath":{"lineWidth":1,"flatness":0.59999999999999998,"lineCapStyle":0,"elements":[{"type":"MoveToPoint","points":[[202.9583738425442,31.801116012763075]]},{"type":"AddLine","points":[[13.588150031386277,-17.097011398603627]]},{"type":"AddLine","points":[[12.619907840896957,-17.347025519317882]]}],"windingRule":0,"lineJoinStyle":0,"miterLimit":10},"isBackgroundTexture":true,"textBaseline":0,"isVerticalText":false,"textureType":5},"initialState":{"affineTransform":[-0.96824219048928284,-0.25001412071424139,0.25001412071424139,-0.96824219048928284,0,0],"masksToBounds":false,"rotation":-2.8888978146092978,"scale":0.99999999999999989,"position":{"pointX":102.59072875976565,"pointY":4.800000000000054},"width":208,"sublayerTransform":[1,0,0,0,0,1,0,0,0,0,1,0,0,0,0,1],"contentsRect":{"y":0,"x":0,"width":1,"height":1},"opacity":1,"edgeAntialiasingMask":0,"height":12,"hidden":false,"anchorPoint":{"pointX":0.49820048992450422,"pointY":0.51266543070475323}},"texture":"272699CB4E64E917700927570C2351C6"}]},{"animations":[],"initialState":{"affineTransform":[1,0,0,1,0,0],"masksToBounds":false,"rotation":0,"scale":1,"position":{"pointX":719.42510986328125,"pointY":531.76681518554688},"width":295.125,"sublayerTransform":[1,0,0,0,0,1,0,0,0,0,1,0,0,0,0,1],"contentsRect":{"y":0,"x":0,"width":1,"height":1},"opacity":1,"edgeAntialiasingMask":251658240,"height":437.125,"hidden":false,"anchorPoint":{"pointX":0.5,"pointY":0.5}},"layers":[{"animations":[],"layers":[],"texturedRectangle":{"singleTextureOpacity":1,"textXHeight":0,"shapePath":{"lineWidth":1,"flatness":0.59999999999999998,"lineCapStyle":0,"elements":[{"type":"MoveToPoint","points":[[109.67510986328125,1.204315185546875]]},{"type":"AddCurve","points":[[92.001893361409543,1.2043126424153456],[77.67510986328125,15.531096140543639],[77.67510986328125,33.204315185546875]]},{"type":"AddLine","points":[[77.67510986328125,186.07931518554688]]},{"type":"AddCurve","points":[[77.675107929566821,199.51743189493811],[85.967103322347043,210.96277109781897],[97.70635986328125,215.70431518554688]]},{"type":"AddLine","points":[[1.86260986328125,438.32931518554688]]},{"type":"AddLine","points":[[159.39385986328125,218.07931518554688]]},{"type":"AddLine","points":[[264.98760986328125,218.07931518554688]]},{"type":"AddCurve","points":[[282.66083780924475,218.07934061686194],[296.98760986328125,203.75253423055017],[296.98760986328125,186.07931518554688]]},{"type":"AddLine","points":[[296.98760986328125,33.204315185546875]]},{"type":"AddCurve","points":[[296.98759460449219,15.531098683675111],[282.66082890828454,1.204315185546875],[264.98760986328125,1.204315185546875]]},{"type":"AddLine","points":[[109.67510986328125,1.204315185546875]]},{"type":"CloseSubpath"},{"type":"MoveToPoint","points":[[109.67510986328125,1.204315185546875]]}],"windingRule":0,"lineJoinStyle":0,"miterLimit":10},"isBackgroundTexture":true,"textBaseline":0,"isVerticalText":false,"textureType":5},"initialState":{"affineTransform":[1,0,0,1,0,0],"masksToBounds":false,"rotation":0,"scale":1,"position":{"pointX":185.46456146240234,"pointY":108.43352508544922},"width":298,"sublayerTransform":[1,0,0,0,0,1,0,0,0,0,1,0,0,0,0,1],"contentsRect":{"y":0,"x":0,"width":1,"height":1},"opacity":1,"edgeAntialiasingMask":0,"height":440,"hidden":true,"anchorPoint":{"pointX":0.62861466887813289,"pointY":0.24917690970680931}},"texture":"F4A2AFF02A7AE375DCE1BF49DD68DEC1"}]},{"animations":[],"initialState":{"affineTransform":[1,0,0,1,0,0],"masksToBounds":false,"rotation":0,"scale":1,"position":{"pointX":719.42510986328125,"pointY":531.76681518554688},"width":295.125,"sublayerTransform":[1,0,0,0,0,1,0,0,0,0,1,0,0,0,0,1],"contentsRect":{"y":0,"x":0,"width":1,"height":1},"opacity":1,"edgeAntialiasingMask":251658240,"height":437.125,"hidden":false,"anchorPoint":{"pointX":0.5,"pointY":0.5}},"layers":[{"animations":[],"layers":[],"texturedRectangle":{"singleTextureOpacity":1,"textXHeight":0.51895599161745098,"textBaseline":0.77553051726480871,"isBackgroundTexture":true,"isVerticalText":false,"textColor":[0.99990898370742798,1,0.99987810850143433,1],"textureType":6},"initialState":{"affineTransform":[1,0,0,1,0,0],"masksToBounds":false,"rotation":0,"scale":1,"position":{"pointX":185.46456146240234,"pointY":108.43352508544922},"width":148,"sublayerTransform":[1,0,0,0,0,1,0,0,0,0,1,0,0,0,0,1],"contentsRect":{"y":0,"x":0,"width":1,"height":1},"opacity":1,"edgeAntialiasingMask":0,"height":29,"hidden":true,"anchorPoint":{"pointX":0.50221061706542969,"pointY":0.50475311279296875}},"texture":"416B6D078966D30B76BE53CD3689DBCA"}]}]}}]}